epoch,time,train/box_loss,train/cls_loss,train/dfl_loss,metrics/precision(B),metrics/recall(B),metrics/mAP50(B),metrics/mAP50-95(B),val/box_loss,val/cls_loss,val/dfl_loss,lr/pg0,lr/pg1,lr/pg2
1,152.149,2.11814,1.9891,1.4054,0.35639,0.40787,0.42391,0.19129,2.28545,2.10599,1.61667,0.0670514,0.000332814,0.000332814
2,301.74,1.94225,1.49384,1.31831,0.3906,0.37454,0.40859,0.15193,2.30733,1.74872,1.57395,0.0340294,0.000644165,0.000644165
3,450.898,1.88452,1.42762,1.30841,0.2245,0.56099,0.4075,0.14843,2.25033,1.72066,1.61988,0.000985436,0.000933515,0.000933515
4,600.731,1.85076,1.29495,1.27479,0.33668,0.42155,0.39211,0.15663,2.38004,1.79486,1.69853,0.000901,0.000901,0.000901
5,751.437,1.79093,1.2425,1.26363,0.42953,0.61142,0.41965,0.16377,2.34797,1.60969,1.69757,0.000868,0.000868,0.000868
6,903.321,1.75479,1.16827,1.2286,0.35791,0.46781,0.45256,0.17357,2.14382,1.7998,1.56502,0.000835,0.000835,0.000835
7,1058.45,1.72522,1.13023,1.22345,0.31837,0.5154,0.41768,0.17212,2.22483,1.56721,1.56681,0.000802,0.000802,0.000802
